,Caption,Brief Description,Algorithm,Jurisdiction,Application Areas,Cause of Action,Issues,Date Action Filed,New Activity,Link,Status
0,A.T. v. OpenAI LP,"Plaintiffs file lawsuit against OpenAI and related entities, alleging that their collection of data to train their generative AI products, including ChatGPT, Dall-E, and Vall-E, violates the Electronic Communications Privacy Act, the Computer Fraud and Abuse Act, the California Invasion of Privacy Act, the California Unfair Competition Law, and the New York General Business Law, and gives rise to causes of action for negligence, invasion of privacy, intrusion upon seclusion, larceny / receipt of stolen property, conversion, and unjust enrichment.",ChatGPT,Federal: US Dist. Ct. N.D. Ca.,Generative AI,"California Invasion of Privacy Act, Computer Fraud and Abuse Act, 18 USC 1030, Conversion, Electronic Privacy Communications Act, 18 USC 2510, Intrusion Upon Seclusion, Larceny / Receipt of Stolen Property, New York General Business Law, Negligence, Right to Privacy, Unjust Enrichment",Accountability,9/5/2023,9/5/2023,https://blogs.gwu.edu/law-eti/?page_id=10&pid=101,Active
1,"ACLU v. Clearview AI, Inc.","Class transferred and consolidated into In re Clearview, complaint charged that Clearview violated violates BIPA. Sought injunctive relief and litigation costs, court considering motion to dismiss on April 2",Clearview,"State: Ill. Cir. Ct. (Cook County, Chancery Div.)",Facial Recognition,BIPA,Privacy,5/28/2020,5/11/2022,https://blogs.gwu.edu/law-eti/?page_id=10&pid=34,Closed (Settlement)
2,ACLU v. DOJ,"The ACLU of Massachusetts brought suit against the Department of Justice, Drug Enforcement Agency and the Federal Bureau of Investigation in response to the lack of response to their Freedom of Information Act Request for all policies, contracts and records relating to facial recognition and identifying program and technology.",,Federal: US Dist. Ct D. Massachusetts,"Constitutional Law, Facial Recognition","FOIA 5 U.S.C. § 552, Injunction","Facial Recognition, Privacy, Use of Race, Unreliability/Miscalculationns",10/31/2019,10/13/2021,https://blogs.gwu.edu/law-eti/?page_id=10&pid=10,Active
3,"Aerotek, Inc. v. Boyd",Texas Supreme Court rules that e-signatures on new hire paperwork can compel arbitration for a company that was sued for racial discrimination,,State: Texas Circuit Court,"Employment, Hiring","Contracts, Arbitration",Use of Race,1/1/2018,7/1/2021,https://blogs.gwu.edu/law-eti/?page_id=10&pid=58,Active: On Remand
4,Andersen v. Stability AI Ltd.,"Three artists file class action lawsuit alleging copyright infringement, violation of rights of publicity, and other causes of action based on use of their visual art as training data for an artificial intelligence image generation tool.",Stable Diffusion,Federal: US Dist. Ct. N.D. Ca.,"Copyright, Generative AI, Intellectual Property","Copyright Infringement, Unfair Competition, Right of Publicity, 17 U.S.C. 1202 Removal of Copyright Management Information",Misuse of AI,1/13/2023,10/30/2023,https://blogs.gwu.edu/law-eti/?page_id=10&pid=82,
5,Ark. Dep’t of Human Servs. v. Ledgerwood,"Low income plaintiffs with physical disabilities sued when the Department of Health Services replaced their nurse assessment questionaire ArPath to determine hours of care with Resource Utilization Groups, drastically reducing attendant-care hours allotted per patient, successfully challenged this rulemaking under the APA and court unanimously granted a permanent injunction",RUGs,State: Arkansas,"Disabilities Benefits, Health, Public Benefits","Administrative Procedure Act, Permanent Injunction, Preliminary Injunction","Justiciability, Lack of Remedy, Transparency in Change of Algorithm, Transparency/Trade Secrecy",1/26/2017,4/11/2019,https://blogs.gwu.edu/law-eti/?page_id=10&pid=15,Inactive: Judgement for P
6,Authors Guild v. OpenAI Inc.,"Authors organization and many individual authors file suit against OpenAI Inc. and affiliated entities,",ChatGPT,Federal: US Dist. Ct. S.D.N.Y.,Generative AI,Copyright Infringement,Copyright Infringement,9/9/2023,9/19/2023,https://blogs.gwu.edu/law-eti/?page_id=10&pid=98,Active
7,Baker v. CVS Health Corporation,"A candidate interviewing for a position with CVS Health has alleged that he and other interviewees were subjected to an artificial intelligence-powered lie detector test without the appropriate notification, according to a class action complaint recently removed to the U.S. District Court for the District of Massachusetts.",,U.S. District Court for the District of Massachusetts,"Civil Rights, Employment, Generative AI, Hiring","Civil Rights, Permanent Injunction","Failure to Disclosure, Misuse of AI, Unaware of Use of Algorithm",6/30/2023,1/26/2024,https://blogs.gwu.edu/law-eti/?page_id=10&pid=115,Active
8,"Barrows et al v. Humana, Inc.","Plaintiffs who had post-acute care coverage terminated filed a class action complaint alleging that a national health insurance company’s reliance on artificial intelligence (AI) tools to deny certain medical claims under Medicare Advantage plans constituted breach of contract, breach of the implied covenant of good faith and fair dealing, unjust enrichment, and insurance bad faith. The improper usage of AI to make coverage decisions, while ignoring clinical determinations made by providers, can prevent patients from being able to afford critical treatments and harm patient health.",,US District Court for the Western District of Kentucky,"Civil Rights, Health","Breach of Contract, Breach of Implied Warranty, Contracts, Unjust Enrichment","Lack of Human Review, Functionality",12/12/2023,12/14/2023,https://blogs.gwu.edu/law-eti/?page_id=10&pid=112,Active
9,Barry v. Lyon,"Sixth Circuit affirmed reversing the automatic disqualification and inadequate notice of the Michigan's Department of Health and Human Services when they employed an algorithm that disqualified from food assistant benefits anyone with an outstanding felony warrant, including inaccurately accusing thousands",,Federal: US Dist. Ct. E.D. Michigan,"Criminal Justice, Food Assistance","Due Process, Supplemental Nutrition Assistance Program","Lack of Human Review, Lack of Remedy to prove innocence, Unreliability/Miscalculationns",7/1/2013,9/25/2016,https://blogs.gwu.edu/law-eti/?page_id=10&pid=20,Inactive
10,Basbanes v. Microsoft Corporation,"OpenAI and its financial backer Microsoft (MSFT.O), were sued on Jan 5, 2024, in Manhattan federal court by a pair of nonfiction authors who say the companies misused their work to train the artificial-intelligence models behind the popular chatbot ChatGPT and other AI-based services. Writers Nicholas Basbanes and Nicholas Gage told the court in a proposed class action, that the companies infringed their copyrights by including several of their books as part of the data used to train OpenAI's GPT large language model.",,US District Court for the Southern District of New York,"Copyright, Generative AI, Infringement, Intellectual Property",Copyright Infringement,Copyright Infringement,1/5/2024,1/18/2024,https://blogs.gwu.edu/law-eti/?page_id=10&pid=110,Active
11,Bauserman v. Unemployment Insurance Agency ;,"Class action against Michigan's Unemployment Insurance Agency's use of MiDAS (Michigan Integrated Data Automated System) that wrongfully accused 40,000 residents of fraud, resulting in civil penalties including seizure of tax refunds with a limited time to appeal, with claims court lawsuit seeking redress and to make this automated system illegal; lawsuit in federal court against agency officials and system developer",MIDAS,Federal: US Dist. Ct. E. D. Michigan,"Agency, Fraud, Unemployment Insurance","Due Process Clause, Negligence","Accountability, Lack of Human Review, Notice, Role of Expert Testimony, Socioeconomics Bias, Use of Race, Miscalculation",1/1/2013,10/20/2022,https://blogs.gwu.edu/law-eti/?page_id=10&pid=8,Closed (Settlement)
12,Berliner v. Nassau County,"Nassau residents brought a class action against the county for an inaccurate and incomplete property tax reassessment algorithm as unfair and unconstitutional, granted a preliminary injunction against the county using this reassessment for 2020 real property taxes, almost settling but for the question of legal fees",,State: New York-Nassau County,"Constitutional Law, Real Property, Tax","42 USC 1983, Due Process, Equal Protection, Preliminary Injunction","Lack of Human Review, Notice, Transparency in Change of Algorithm, Underperformance",4/30/2019,3/8/2021,https://blogs.gwu.edu/law-eti/?page_id=10&pid=4,Inactive
13,Bertuccelli v. Universal City Studios LLC,Court allows facial recognition expert to testify about his algorithmic facial reocnigtion analysis of the allegedly infringing and infringed masks to determine if a human would find them substantially similar,,Federal: US Dist. Ct. E.D. Louisiana,"Copyright, Intellectual Property","Copyright Infringement, Federal Rule of Evidence 702",Role of Expert Testimony,2/12/2019,6/14/2021,https://blogs.gwu.edu/law-eti/?page_id=10&pid=13,Inactive: Dismissed
14,"Broccolino v. Clearview AI, Inc.",,Clearview,Federal: US Dist Ct. S.D. New York; Transferred to US Dist. Ct. N.D. Illinois,Facial Recognition,,Privacy,3/12/2020,1/12/2021,https://blogs.gwu.edu/law-eti/?page_id=10&pid=31,Active
15,Brooks v. Commonwealth,The court dismissed the Virginia ACLU’s challenge to the risk assessment tool because the algorithm was only advisory in nature,,State: Circuit Court of the City of Waynesboro Virginia,"Criminal Justice, Recidivism, Sentencing",Due Process,"Use of Race, AI Adjacent",1/1/2004,,https://blogs.gwu.edu/law-eti/?page_id=10&pid=67,Inactive
16,"Burke v. Clearview AI, Inc.","Class transferred and consolidated into In re Clearview, complaint charged that Clearview violated BIPA, CCPA, Cal. commercial misappropriation, unjust enrichment and sought seeking injunctive relief, damages, restitution, disgorgement, and litigation costs",Clearview,Federal: US Dist. Ct. S.D. California; Transferred to US Dist Ct. S.D. New York; Transferred to US Dist. Ct. N.D. Illinois,Facial Recognition,"California Consumer Privacy Act, Illinois Biometric Information Privacy Act, Unjust Enrichment, Commercial Misappropriation",Privacy,2/27/2020,1/13/2021,https://blogs.gwu.edu/law-eti/?page_id=10&pid=23,Active
17,C.S. et al v. Saiki:,"Judge granted Oregon residents relying on in-home attendants an injunction against an aglorithm that vastly cut their hours, and ordered restoration of their previous algorithm that produced the expected hours for disabilities benefits while the state developed a new assessment algorithm",ANA-C; CNA-C,Federal: US Dist. Ct. D. Oregon,"Disabilities Benefits, Health, Public Benefits","Preliminary Injunction, Title II Americans with Disabilities Act","Lack of Scholarly Review, Transparency in Change of Algorithm",4/1/2017,12/12/2023,https://blogs.gwu.edu/law-eti/?page_id=10&pid=16,Active
18,Cahoo v. Fast Enterprises,Court denied granting Fast Enterprises' motion for dismissal on lack of subject matter jurisdiction,MiDAS,Federal: US Dist. Ct. E. D. Michigan,"Agency, Constitutional Law, Fraud, Unemployment Insurance",Due Process,"Accountability, Lack of Human Review, Lack of Remedy, Notice, Role of Expert Testimony, Socioeconomics Bias, Use of Race, Miscalculation",3/2/2017,3/18/2021,https://blogs.gwu.edu/law-eti/?page_id=10&pid=44,Active
19,Cahoo v. SAS Indus.,Court dismissed case against SAS for lack of subject matter jurisdiction,MiDAS,Federal: US Dist. Ct. E. D. Michigan,"Agency, Constitutional Law, Fraud, Unemployment Insurance",Due Process,"Accountability, Lack of Human Review, Lack of Remedy, Notice, Role of Expert Testimony, Socioeconomics Bias, Use of Race, Miscalculation",3/2/2017,8/11/2020,https://blogs.gwu.edu/law-eti/?page_id=10&pid=43,Inactive: Dismissed
20,"Calderon v. Clearview AI, Inc.","Violates BIPA; seeking injunctive relief (including deletion of data), statutory damages, and litigation costs",Clearview,Federal: US Dist Ct. S.D. New York; Transferred to US Dist. Ct. N.D. Illinois,Facial Recognition,BIPA,Privacy,2/13/2020,1/12/2021,https://blogs.gwu.edu/law-eti/?page_id=10&pid=30,Inactive
21,"Carmean v. Macy's Retail Holdings, Inc","Macy's use of Clearview violates BIPA, Ill. UDAP (both unfair and deceptive), Ill. invasion of privacy; seeking injunctive relief (including deletion of data and compliance monitoring), damages, litigation costs, and was not consolidated in the Clearview MDL.",Clearview,Federal: US Dist. Ct. N.D. Illinois,Facial Recognition,"Illinois Biometric Information Privacy Act, Illinois Unfair and Deceptive Acts",Privacy,8/5/2020,3/16/2021,https://blogs.gwu.edu/law-eti/?page_id=10&pid=28,Inactive
22,Carpenter v. McDonald’s Corporation,"Customer brought putative class action against fast food restaurant, asserting violation of Illinois Biometric Information Privacy Act (BIPA) by collecting customers’ voiceprint biometrics via artificial intelligence (AI) voice assistant technology in drive-through lanes and storing, disclosing, and disseminating biometric information without customers' consent.",,N.D. Illinois,Biometric Data,Biometric Information Privacy Act,Privacy,5/28/2021,7/14/2023,https://blogs.gwu.edu/law-eti/?page_id=10&pid=78,Closed (Settlement)
23,CCC Info. Servs. Inc. v. Tractable Inc.,Trial court denied defendant Tractable's motion to compel arbitration after Plaintiff CCC Information Services Inc. accused Tractable employees committed fraud to access CCC Info Services' proprietary software and then used this data to Tractable's advantage.,,Federal: US Dist. Ct. N.D. Illinois,"Agency, Intellectual Property, Licensing Agreement","Breach of Contract, Trademark infringement, Arbitration","Infringement, Transparency/Trade Secrecy",11/26/2018,11/3/2023,https://blogs.gwu.edu/law-eti/?page_id=10&pid=47,Active
24,"Chabon et al. v. Meta Platforms, Inc.","Authors Michael Chabon, David Henry Hwang, Matthew Klam, Rachel Louise Snyder, and Ayelet Waldman file suit on behalf of themselves and similarly situated authors against Meta Platforms, Inc. and affiliated entities, alleging that the defendants have engaged in direct copyright infringement, vicarious copyright infringement, unlawful removal of copyright management information, violation of the California unfair competition act, negligence, and unjust enrichment, by copying their works of authorship without authorization to train various versions of the generative AI tool LLaMA.",LLaMA,Federal: US Dist. Ct. N.D. Ca.,Generative AI,"Copyright Infringement, Negligence, Unjust Enrichment, Unfair Competition, 17 U.S.C. 1202 Removal of Copyright Management Information",Copyright Infringement,9/12/2023,12/7/2023,https://blogs.gwu.edu/law-eti/?page_id=10&pid=100,Active
25,Chabon et al. v. OpenAI,"Authors Michael Chabon, David Henry Hwang, Matthew Klam, Rachel Louise Snyder, and Ayelet Waldman file suit on behalf of themselves and similarly situated authors against OpenAI and affiliated entities, alleging that the defendants have engaged in direct copyright infringement, vicarious copyright infringement, unlawful removal of copyright management information, violation of the California unfair competition act, negligence, and unjust enrichment, by copying their works of authorship without authorization to train various versions of the generative AI tool ChatGPT.",ChatGPT,Federal: US Dist. Ct. N.D. Ca.,Generative AI,"Copyright Infringement, Negligence, Unjust Enrichment, Unfair Competition, 17 U.S.C. 1202 Removal of Copyright Management Information",Copyright Infringement,9/8/2023,9/8/2023,https://blogs.gwu.edu/law-eti/?page_id=10&pid=99,Active
26,"Concord Music Group, Inc. v. Anthropic PBC","A group of music publishers, including Concord Music Group, Inc., ABKCO Music, Inc., and many companies that are components of Universal Music Publishing Group, bring this copyright infringement action against generative AI developer Anthropic PBC. They claim that Anthropic has used lyrics in which they own copyright to train its generative AI models, and has created models that generate lyrics that are substantially similar to the lyrics in which the plaintiffs own copyright. The complaint includes counts of direct and indirect infringement, and removal of copyright management information.",Claude,Federal: U.S. Dist. Ct. M.D. Tenn.,Generative AI,Copyright Infringement,Copyright Infringement,10/18/2023,10/18/2023,https://blogs.gwu.edu/law-eti/?page_id=10&pid=103,Active
27,"Connecticut Fair Housing Center, et al. v. CoreLogic Rental Property Solutions",The Connecticut Fair Housing Center and the National Housing Law Project have filed a new lawsuit in the U.S. District Court for the District of Connecticut contending that CoreLogic Rental Property Solutions (“CoreLogic”) violates the Fair Housing Act by disproportionately disqualifying African-American and Latino applicants from securing housing based on discriminatory use of criminal records as rental criteria.,,U.S. District Court for the District of Connecticut,"Civil Rights, Housing","Fair Housing Act, Unfair and Deceptive Trade Practices","Lack of Remedy, Socioeconomics Bias, Use of Race",4/24/2018,8/4/2023,https://blogs.gwu.edu/law-eti/?page_id=10&pid=109,Active
28,"Dinerstein v. Google, LLC","Judge dismissed patient suit against Google and University of Chicago Medical Center over patient health records that the univeresity transferred to Google for machine learning data, arguing it was a prima facie violation of HIPAA, on appeal currently",,Federal: US Dist. Ct. N.D. Illinois,"Health, Privacy","Breach of Contract, CCPA, HIPAA","Personally identifiable Information, Terms of Service",6/26/2019,7/11/2023,https://blogs.gwu.edu/law-eti/?page_id=10&pid=14,Inactive
29,"Doe 1 v. Github, Inc.","Anonymous plaintiffs sue Github, Microsoft, and Open AI for alleged wrongs committed in training Codex and Copilot generative AI coding tools, including removal of copyright management information, breach of open-source license, unfair competition, and others","Copilot, Codex",Federal: US Dist. Ct. N.D. Ca.,Generative AI,"California Consumer Privacy Act, Negligence, 17 U.S.C. 1202 Removal of Copyright Management Information",Accountability,11/3/2022,7/26/2023,https://blogs.gwu.edu/law-eti/?page_id=10&pid=89,Active
30,"e-ventures Worldwide, LLC v. Google, Inc.","This lawsuit, brought in the Middle District of Florida, alleges that Google's statement that it does not censor search results is ""false, deceptive, and misleading,"" and thus violates the Lanham Act and the Florida Deceptive and Unfair Trade Practices Act. The plaintiff company argues that Google made all of its websites disappear from search results, and because Google dominates the search engine market, essentially made the plaintiff's website disappear from the internet. The court ultimately dismissed, stating that the First Amendment protected Google's decision making when displaying search results.",SEO,M.D. Fla.,"Advertising, Trading","Unfair and Deceptive Practices, Unfair and Deceptive Trade Practices",Targeted Advertising,11/4/2014,,https://blogs.gwu.edu/law-eti/?page_id=10&pid=84,Inactive: Judgment for D
31,Ewert v. Canada,Canada's Supreme Court ruled that Correctional Service of Canada breached their statutory duty to take all reasonable steps to learn how the algorithms did not account for indigenous populations when an inmate argued the that the psychological and risk assessment algorithms were invalid when applied to Indigenous inmates for lack of research,,International: Canada,"Criminal Justice, Recidivism","Corrections and Conditional Release Act, S.C. 1992, c. 20, s. 24(1)","Cross Culture Validity, Insufficient Research, Socioeconomics Bias, Use of Race, Unreliability/Miscalculationns",10/20/2014,6/13/2018,https://blogs.gwu.edu/law-eti/?page_id=10&pid=7,Inactive: Judgement for P
32,Flores v. Stanford,Action claiming that parole procedures violate due process because they are based in part on risk assessment algorithms and do not involve the assessment of individual files,,"Federal: U.S. District Court, S.D. New York","Criminal Justice, Detention and Release",Due Process,"Individualized Assessment, Lack of Human Review",3/20/2018,4/11/2022,https://blogs.gwu.edu/law-eti/?page_id=10&pid=68,Active
33,Force v. Facebook,"Suit dismissed against Facebook and cert denied by the Supreme Court, plaintiffs arguing that Facebook's algorithm suggests friends and groups based on similar interests, and highlights popular posts the user would like, and thus Facebook was providing the terrorist organization Hamas with means to reach an audience it would not otherwise have access to.",,Federal: US Dist. Ct. S.D. New York; Transferred to E.D.N.Y.,"Advertising, Social Media, Terrorism","Antiterrorism Act, Section 230","Lack of Remedy, Targeted Advertising",7/10/2016,5/18/2020,https://blogs.gwu.edu/law-eti/?page_id=10&pid=45,Inactive: cert denied
34,"Getty Images (US), Inc. v. Stability AI, Inc.","Leading stock image distributor sues developer of text-to-image generative AI model Stable Diffusion, alleging that many images in which it owns copyright have been used without authorization to train the model, and that its trademark has also been infringed through the appearance of the Getty Images watermark in images produced by Stable Diffusion as output.",Stable Diffusion,Federal: US Dist. Ct. D. Del.,Generative AI,"Copyright Infringement, Trademark infringement, Unfair and Deceptive Trade Practices, Unfair Competition, 17 U.S.C. 1202 Removal of Copyright Management Information",Copyright Infringement,2/3/2023,5/2/2023,https://blogs.gwu.edu/law-eti/?page_id=10&pid=94,Active
35,"Getty Images (US), Inc. v. Stability AI, Ltd.","Leading group of stock image companies sues developer of generative AI tool Stable Diffusion for copyright infringement, database right infringement, and trademark infringement.",Stable Diffusion,International - UK - High Court of Justice - Chancery Division - Intellectual Property List,Generative AI,Copyright Infringement,Copyright Infringement,1/16/2023,12/1/2023,https://blogs.gwu.edu/law-eti/?page_id=10&pid=87,Active
36,"Gonzalez v. Google, LLC","Family of Nohemi Gonzalez, a victim in the 2015 ISIS attacks in Paris, sued Google and YouTube under the Anti-Terrorism Act. Gonzalez asserts that Google should not be eligible for immunity under Section 230 because YouTube recommended ISIS videos to users and collected ad payments from said videos. Arguments heard by Supreme Court on 2/21/2023. A Per Curium decision was reached on 5/18/2023.",,Ninth Circuit,"Social Media, Terrorism",Antiterrorism Act,Accountability,6/14/2016,5/18/2023,https://blogs.gwu.edu/law-eti/?page_id=10&pid=83,Active
37,"Hall v. Clearview AI, Inc.","Conversion, violates BIPA, Ill. UDAP; seeking injunctive relief (including deletion of data and compliance monitoring), damages, and litigation costs",Clearview,Federal: US Dist. Ct. N.D. Illinois; Transferred to US Dist Ct. S.D. New York; Transferred to US Dist. Ct. N.D. Illinois,Facial Recognition,"BIPA, UDAP","Facial Recognition, Privacy",2/5/2020,8/12/2020,https://blogs.gwu.edu/law-eti/?page_id=10&pid=38,Active
38,Henderson v. Steinsburg,"Prisoner files Section 1983 challenge to denial of parole using COMPAS risk assessment report, claims COMPAS algorithm discriminates on basis of race in violation of Equal Protection Clause",COMPAS,Federal: US Dist. Ct. W.D. Wisconsin,"Criminal Justice, Sentencing","42 USC 1983, Equal Protection",Use of Race,7/16/2018,4/5/2021,https://blogs.gwu.edu/law-eti/?page_id=10&pid=2,Active
39,Houston Federation of Teachers v. Houston Independent School District,"Texas Supreme Court rules in favor of teachers' procedural due process objections to the school district not turning over the code of how the teacher VAM (value added model) ratings were calculated that resulting in employment terminations, pay raises, and tenure",EVAAS,Federal: US Dist. Ct. S.D. Texas,"Constitutional Law, Employment, Performance Assessment, Termination","42 USC 1983, Procedural Due Process","Accountability, Transparency/Trade Secrecy",4/30/2014,8/13/2017,https://blogs.gwu.edu/law-eti/?page_id=10&pid=17,Inactive: Judgement for P
40,Huckabee v. Meta Platforms,"A group of book authors seek to bring a class action on behalf of all owners of copyright in works that were used to train the large language models of defendants Meta Platforms, Microsoft, and Bloomberg, claiming copyright infringement, removal of copyright management information, conversion, negligence, and unjust enrichment.","BloombergGPT, LLaMA",Federal: US Dist. Ct. S.D.N.Y.,Generative AI,"Conversion, Copyright Infringement, Negligence, Unjust Enrichment, 17 U.S.C. 1202 Removal of Copyright Management Information",Copyright Infringement,10/17/2023,10/17/2023,https://blogs.gwu.edu/law-eti/?page_id=10&pid=104,Active
41,"Hudson v. Tesla, Inc.","Customer brought suit against Tesla for autonomous vehicle crash when his vehicle did not detect another vehicle, arguing that Tesla's advertising convinced customers that the autopilot could safely operate with minimal driver input and oversight",Autopilot,State: Florida,Autonomous Vehicles,"Breach of Implied Warranty, Florida’s Deceptive and Unfair Trade Practices Act, Negligence","False Positive Dilemma, Product Liability, Underperformance",10/30/2018,4/29/2021,https://blogs.gwu.edu/law-eti/?page_id=10&pid=26,Closed
42,IBM Corp. v. Indiana,"Algorithm-adjacent, this case involves electronic automation including statistical methods to determine eligibility for Indiana benefits programs, and after four appeals the Supreme Court ruled for the State who terminated a billion dollar contract with IBM after three years of performance issues.",,State: Indiana,"Disabilities Benefits, Health","Breach of Contract, Performance Metrics","Lack of Remedy, Underperformance, Unreliability/Miscalculationns, AI Adjacent",,12/9/2020,https://blogs.gwu.edu/law-eti/?page_id=10&pid=52,Active
43,In re BlueCrest Capital Mgmt Ltd.,SEC found both negligent and willful violations against BlueCrest for omissions and misstatements to both potential and existing investors and indpendent directors about the use of their Rates Management Trading in that it underperformed compared to live traders and misrepresented its high usage of the algorithm it had told investors was merely experimental.,RMT,Government: SEC Adjudication,"Investment, Trading","Negligence, Securities Act Section 17A, Willful Violation","Conflict of Interest, Failure to Disclosure, Misrepresentation to Client, Unaware of Use of Algorithm, Underperformance",12/8/2020,2/18/2022,https://blogs.gwu.edu/law-eti/?page_id=10&pid=11,Active
44,In Re Clearview Litigation,"The consolidation of ten multidistrict litigation class action lawsuits against Clearview AI for 1. violating BIPA 2. unjust enrichment and 3. violating the plaintiffs' civil rights: Calderon, Broccolino, McPherson, Burke, John, and Roberson from SDNY; Mutnick, Hall, and Marron in ND Ill; and Renderos in ND Cal. A case not consolidated was Carmean v. Macy's.",Clearview,Federal: US Dist. Ct. N.D. Illinois,"Biometric Data, Facial Recognition","BIPA, Civil Rights, Unjust Enrichment","Misrepresentation, Privacy",1/8/2021,11/30/2023,https://blogs.gwu.edu/law-eti/?page_id=10&pid=48,Active
45,In re Google Assistant Privacy Litigation,"The California District court allowed the proposed class action to pursue California Privacy law claims, and to refile consumer protection claims, for Google devices accepting ""False Accepts"" from their smartphone voice assistants and then illegally recording and disseminating the private conversations",,Federal: Northern District of California,Privacy,"Biometric Information Privacy Act, Commercial Misappropriation","Failure to Disclosure, Notice, Privacy",7/25/2019,,https://blogs.gwu.edu/law-eti/?page_id=10&pid=64,Active
46,In the Matter of [Juvenile Client],"Superior Court granted defendant's motion not to consider SAVRY (Structured Assessment of Violence and Risk in Youth) to calculate sentencing for felony assualt and possession of prohibted weapon because of a lack of research proving efficacy and racially targetted risk factors, declining to set precedent for future cases",SAVRY,State: Dist. of Columbia,"Criminal Justice, Sentencing",Federal Rule of Evidence 702,"Insufficient Research, Role of Expert Testimony, Socioeconomics Bias, Use of Race, Unreliability/Miscalculationns",9/20/2017,3/15/2018,https://blogs.gwu.edu/law-eti/?page_id=10&pid=6,Inactive: Judgement for D
47,"In the Matter of HireVue, Inc.","EPIC filed a complaint and request for investigation, injunction, and other relief with the FTC, arguing HireVue's opaque and proprietary tools were unproven, biased, and invasive as it claimed to measure ""cognitive ability,"" ""psychological traits,"" ""emotional intelligence,"" and ""social aptitudes"" of job applicants without using facial recognition technology.",HireVue,Government: FTC,"Employment, Facial Recognition, Hiring","FTC Act, Public Policy, Unfair and Deceptive Trade Practices","Lack of Scholarly Review, Programmer Bias, Transparency/Trade Secrecy, Use of Race, User of Gender",11/9/2019,1/21/2021,https://blogs.gwu.edu/law-eti/?page_id=10&pid=46,Active
48,"John v. Clearview AI, Inc.","Class transferred and consolidated into In re Clearview, complaint charged that Clearview violated BIPA, Cal. UDAP (unfair), Cal. right to publicity, Cal. Const. privacy, interference with K with social media companies, and unjust enrichment and sought seeking injunctive relief, damages, restitution, disgorgement, and litigation costs",Clearview,Federal: US Dist Ct. S.D. New York; Transferred to US Dist. Ct. N.D. Illinois,Facial Recognition,"BIPA, Contracts, Right to Privacy, UDAP, Right to Publicity, Unjust Enrichment",Privacy,5/4/2020,1/12/2021,https://blogs.gwu.edu/law-eti/?page_id=10&pid=24,Active
49,K.W. v. Armstrong,"Class action reached a settlment after the ACLU of Idaho sought injunctive relief against the Department of Healht and Welfare cutting disabilities services because of a trade secret algorithm, resulting in development of new ADS (algorithmic decision system) to calculate disabilities benefits, litigation ensues to define the scope of the settlement",,Federal: US Dist. Ct. D. Idaho,"Agency Budget, Constitutional Law, Disabilities Benefits, Health","42 C.F.R. § 431.210(b) Medicaid Adequate Notice, Preliminary Injunction","Assigned Budget Amount, Lack of Remedy, Transparency in Change of Algorithm, Transparency/Trade Secrecy",1/18/2012,3/24/2021,https://blogs.gwu.edu/law-eti/?page_id=10&pid=5,Active
50,"Kadrey v. Meta Platforms, Inc.","Authors Richard Kadrey, Sarah Silverman, and Christopher Golden sue Meta Platforms on behalf of themselves and all persons domiciled in the United States owning copyright in any work used as training data for the LLaMA language models, alleging copyright infringement, removal of copyright management information, unfair competition, unjust enrichment, and negligence.",LLaMA,Federal: US Dist. Ct. N.D. Ca.,Generative AI,"Copyright Infringement, Unjust Enrichment, Unfair Competition, 17 U.S.C. 1202 Removal of Copyright Management Information",Copyright Infringement,7/7/2023,1/16/2024,https://blogs.gwu.edu/law-eti/?page_id=10&pid=90,Active
51,Kisting-Leung v. Cigna Corp.,"Plaintiffs, consumers in California, filed a class action complaint alleging that the denial of certain medical claims by a national health insurance company using an algorithm constituted breach of the implied covenant of good faith and fair dealing, unjust enrichment, intentionally interfered with contractual relations, and violated California’s Unfair Competition Law. Wrongful claims denials can result in patients having to pay substantial out-of-pocket costs or even forgoing important procedures.",,US District Court for the Eastern District of California,"Civil Rights, Health","Breach of Contract, Contracts, Unjust Enrichment, Unfair Competition","Accountability, Individualized Assessment, Lack of Human Review, Lack of Remedy, Misuse of AI",7/24/2023,12/18/2023,https://blogs.gwu.edu/law-eti/?page_id=10&pid=113,Active
52,L. v. Alphabet,"A number of anonymous plaintiffs bring a class action suit against Alphabet, Inc. and related companies, alleging that their development of Bard, the AI chatbot, involves the conversion/theft of data, invasion of privacy, unfair competition, unjust enrichment, copyright infringement, and removal of copyright management information under the DMCA.",Bard,Federal: US Dist. Ct. N.D. Ca.,Generative AI,"Copyright Infringement, Right to Privacy, Unjust Enrichment, Unfair Competition, 17 U.S.C. 1202 Removal of Copyright Management Information",Copyright Infringement,7/11/2023,1/17/2024,https://blogs.gwu.edu/law-eti/?page_id=10&pid=88,Active
53,Li v. Liu,"Plaintiff sues for copyright infringement of an image created through prompting a generative AI tool; the court holds that the plaintiff is the author of that image, and awards damages and orders the defendant to post a public apology.",Stable Diffusion,China: Beijing Internet Court,Generative AI,Copyright Infringement,AI as Author,5/25/2023,11/27/2023,https://blogs.gwu.edu/law-eti/?page_id=10&pid=106,Inactive
54,"LivePerson, Inc. v. 24/7 Customer, Inc.",A federal jury awarded LivePerson Inc. an award of $30 million against 24/7ai misuse of trade secrets claims from online chat platform and customer engagement technology,,Federal: District Court S.D. New York; Transferred to District Court N.D. California,"Copyright, Intellectual Property, Patent",Copyright Infringement,"Predictive Policing, Transparency/Trade Secrecy",3/6/2014,11/3/2023,https://blogs.gwu.edu/law-eti/?page_id=10&pid=65,Active
55,Loomis v. Wisconsin,"Wisconsin Supreme Court rejects post-conviction Due Process challenge to the state's criminal sentencing use of COMPAS risk assessment algorithm, which was proprietary and which took gender into account",COMPAS,State: Wisconsin,Criminal Justice,"Due Process, Petition for Post-Conviction Relief","Individualized Assessment, Transparency/Trade Secrecy, User of Gender",2/13/2013,6/26/2017,https://blogs.gwu.edu/law-eti/?page_id=10&pid=1,Inactive: Judgement for D
56,Louis et al. v. SafeRent et al.,"The court denied defendants’ motion to dismiss Fair Housing Act claims, holding that SafeRent Solutions, LLC is subject to the Fair Housing Act’s ban on racial discrimination in housing. Even though SafeRent is not a landlord, the court determined that the plaintiffs adequately alleged that property owners relied solely on SafeRent’s tenant screening score, and adequately alleged those scores had a disparate impact on Black and Hispanic renters.",,the U.S. District Court for the District of Massachusetts,"Civil Rights, Housing",Fair Housing Act,"Lack of Human Review, Socioeconomics Bias, Miscalculation, Reliability",5/25/2022,7/26/2023,https://blogs.gwu.edu/law-eti/?page_id=10&pid=108,Active
57,Louisiana v. Hickerson,"Court denied motion to overturn the conviction of racketeering and a new trial in light of the Prosecutor not disclosing the use of the Palantir Gotham system that mapped gang members' connections, as Gotham was not used in Hickerson's case, Hickerson files full appeal",Gotham,State: Louisiana,Criminal Justice,Conviction Challenge,"Predictive Policing, Unaware of Use of Algorithm, Use of Race",6/1/2013,12/30/2020,https://blogs.gwu.edu/law-eti/?page_id=10&pid=18,Inactive: denial of motion for new trial
58,Lynch v. Florida,"Defendant appeals conviction claiming he was misidentified by the facial recognition software comparing a photo an undercover cop snapped during a drug deal, noting even the analyist did not know how the facial recognition algorithm worked",FACES,State: Florida,Facial Recognition,Due Process,"Human Programming Flaws, Transparency/Trade Secrecy, Unaware of Use of Algorithm, Use of Race, Unreliability/Miscalculationns",,7/19/2019,https://blogs.gwu.edu/law-eti/?page_id=10&pid=19,Inactive: Appeals denied
59,Malenchik v. State,,LSI-R,State: Indiana,"Criminal Justice, Sentencing",,,,,https://blogs.gwu.edu/law-eti/?page_id=10&pid=35,
60,"Marron v. Clearview AI, Inc.","Violates BIPA; seeking injunctive relief, statutory damages, and litigation costs",Clearview,Federal: US Dist. Ct. N.D. Illinois; Transferred to US Dist Ct. S.D. New York.; Transferred to US Dist. Ct. N.D. Illinois,Facial Recognition,BIPA,Privacy,5/20/2020,1/8/2021,https://blogs.gwu.edu/law-eti/?page_id=10&pid=40,Active
61,Matsko v. Tesla,"Plaintiff seeks to bring class action against Tesla for misrepresenting what its Autopilot software can do, alleging that those misrepresentations violated the Magnusson-Moss Warranty Act, breached express and implied warranties, and give rise to other causes of action.",Autopilot,Federal: US Dist. Ct. N.D. Ca.,Autonomous Vehicles,Breach of Implied Warranty,"Misrepresentation, Autonomous Vehicle",9/4/2022,1/18/2024,https://blogs.gwu.edu/law-eti/?page_id=10&pid=97,Active
62,Matter of Nonhuman Rights Project Inc. v Stanley,"Denying a writ of habeas corpus for two chimpanzees and dismissing a petition by the NonHumanRightsProject, even with over 100 affidavits recounting cognitive ability and autonomy.",,State; New York,Constitutional Law,Habeas Corpus,AI Adjacent,12/1/2013,7/29/2015,https://blogs.gwu.edu/law-eti/?page_id=10&pid=70,Inactive: Dismissed
63,"McPherson v. Clearview AI, Inc.","Class transferred and consolidated into In re Clearview, complaint charged that Clearview violated Violates BIPA and receives unjust enrichment. Sought injunctive relief, declaratory jt., restitution, damages, and litigation costs",Clearview,Federal: US Dist Ct. S.D. New York; Transferred to US Dist. Ct. N.D. Illinois,Facial Recognition,"BIPA, Unjust Enrichment",Privacy,4/15/2020,1/12/2021,https://blogs.gwu.edu/law-eti/?page_id=10&pid=32,Active
64,"McRO, Inc. v. Bandai Namco Games America, Inc.","A patent infringement case of video game design involving software applications to automatically animate lip synchronization and facial expression, the court found no infringement and found invalidity based on the lack of specificity in enablement",,"Federal: U.S. District Court, C.D. California","Intellectual Property, Patent",Patent Application,Functionality,12/4/2012,9/13/2016,https://blogs.gwu.edu/law-eti/?page_id=10&pid=62,Inactive
65,"Mobley v. Workday, Inc.","A class action lawsuit was brought to challenge to Workday's artificial intelligence systems and screening tools, arguing that these tools are biased against applicants who are either over the age of 40, Black, or disabled. The lawsuit argues that Workday violated the Age Discrimination in Employment Act, the Americans with Disabilities Act, and the Civil Rights Act.",ATS,N.D. Cal,"Civil Rights, Employment, Hiring",Civil Rights,"Programmer Bias, Transparency/Trade Secrecy, Use of Race",2/21/2023,1/11/2024,https://blogs.gwu.edu/law-eti/?page_id=10&pid=86,Active
66,"Mutnick v. Clearview AI, Inc.","Class transferred and consolidated into In re Clearview, complaint charged that Clearview violated Violates BIPA, 1A by intefering with use of social media sites, 4A gathering images under color of law, 14A threatening free assembly and exposing users to identity theft and domestic violence etc, Const. contracts clause, unjust enrichment; and sought seeking injunctive relief (deletion of data), damages, and litigation costs",Clearview,Federal: US Dist. Ct. N.D. Illinois; Transferred to US Dist Ct. S.D. New York; Transferred to US Dist. Ct. N.D. Illinois,Facial Recognition,"BIPA, Unjust Enrichment","Facial Recognition, Privacy",1/22/2020,1/8/2021,https://blogs.gwu.edu/law-eti/?page_id=10&pid=29,Active
67,National Fair Housing Alliance v. Facebook,"Settlement between Facebook and the National Housing Groups to restructure Facebook's previous advertising settings that allowed advertisers to exclude targeted audiences based on race, gender, or families",,Federal: US Dist Ct. S.D. New York,"Advertising, Credit, Housing",Fair Housing Act,"Advertising DIscrimination, Socioeconomics Bias, Use of Race, User of Gender",3/27/2018,3/29/2019,https://blogs.gwu.edu/law-eti/?page_id=10&pid=22,Inactive: Settled
68,"Nevarez v. Forty Niners Football Co., LLC","In a mobility disability access class action, a trial court ruled that the Federal Rules of Evidence would prohibit the use of AI to identify non-responsive documents without identifying a “cut-off” point during review",,Federal: U.S. District Court N.D. California,Disabilities Benefits,Evidence,Transparency/Trade Secrecy,12/7/2016,7/23/2020,https://blogs.gwu.edu/law-eti/?page_id=10&pid=60,Inactive: Settlement
69,Nilsson v. General Motors,"General Motors settled with motorcyclist injured in crash with a self-driving car, arguing GM negligently breached the duty of care for obeying traffic laws by swerving into another lane",,Federal: US Dist.Ct. N.D. California,Autonomous Vehicles,Negligence,"Product Liability, Underperformance",1/22/2018,6/26/2018,https://blogs.gwu.edu/law-eti/?page_id=10&pid=27,Inactive: Settled
70,Ogletree v. Cleveland State University,A student sued his university arguing that the use of remote proctoring tools violated his Fourth Amendment rights. The court found that the room scans were a search and that the student's privacy interests outweighed the university's interests in conducting the scans.,Rospondus; Honorlock,U.S Distr. Ct. N.D. Ohio,"Constitutional Law, Privacy",Fourth Amendment,Privacy,3/2/2021,9/25/2022,https://blogs.gwu.edu/law-eti/?page_id=10&pid=80,Active: Appeal Filed
71,P.M. v. OpenAI LP,"Anonymous plaintiffs sue OpenAI and Microsoft alleging theft of private information from users of ChatGPT and of many other applications with which ChatGPT is integrated, resulting in a variety of privacy and property-based claims.",ChatGPT,Federal: US Dist. Ct. N.D. Ca.,Generative AI,"Conversion, Failure to Warn, Illinois Biometric Information Privacy Act, Intrusion Upon Seclusion, Larceny / Receipt of Stolen Property, New York General Business Law, Negligence, Right to Privacy, Unjust Enrichment, Unfair Competition",Privacy,6/28/2023,9/15/2023,https://blogs.gwu.edu/law-eti/?page_id=10&pid=93,Inactive
72,Parsa et al v. Google L.L.C. et al,"AI Foundation brought suit against Big Tech companies and notable political figures for ""developing code, algorithms, and ecosystems"" to polarize hate among political parties, supply biometric information and algorithms that have resulted in and perpetuate mass genocide, and making it difficult for the AI Foundation to spread awareness of the dangers of AI, dismissed for failure to show cause",,Federal: US Dist. Ct S.D. California,"Crimes Against Humanity, Genocide, Nuremberg Laws, Social Media","18 U.S.C. §1038 False Information and Hoaxes, 22 U.S.C. §2551, CECPA, CFAA, FTC Act, Genocide Convention, Negligence","Facial Recognition, Hate Speech, Misinformation, Misuse of AI",12/16/2019,6/6/2020,https://blogs.gwu.edu/law-eti/?page_id=10&pid=9,Inactive: Dismissed for failure to prosecute
73,"Patel v. Facebook, Inc.",A plaintiff whose common law privacy rights or biometric privacy rights are violate establishes an injury in fact that is required under Article III standing.,,U.S. District Court for Northern California,Biometric Data,Illinois Biometric Information Privacy Act,Facial Recognition,,,https://blogs.gwu.edu/law-eti/?page_id=10&pid=74,
74,People v. H.K,"On the heels of People v.Wakefield, the court found that TrueAllele's source code running DNA found at the crime scene against defendant DNA to produce probabilities was not sufficient to make the source code a declarant",TrueAllele,State: New York Criminal County Bronx,"Constitutional Law, Criminal Justice, Sentencing","Biometric Information Privacy Act, 6th Amendment","Reliability, Confrontation Clause",10/28/2018,5/15/2020,https://blogs.gwu.edu/law-eti/?page_id=10&pid=55,Inactive
75,People v. Superior Court (Chubbs),"Similar to H.K. and Wakefiled, the confrontation clause is not violated when the defendant does not have access to the source code of the DNA genotyping algorithm.",,State: Los Angeles County Super. Ct.,Criminal Justice,Due Process,Confrontation Clause,11/18/2012,,https://blogs.gwu.edu/law-eti/?page_id=10&pid=66,Inactive
76,People v. Wakefield,"Acknowledging the intersection of due process and scientific advancements, the highest court affirmed a trial court finding that TrueAllele Casework System, the DNA software program used to identify defendant in a murder scene, was generally accepted by the scientific community and did not violate defendant's right to face accusers by not having access to the source code by differentiating DNA collection vs. DNA probability",TrueAllele,State: New York,"Constitutional Law, Criminal Justice, DNA Analysis, Sentencing","Biometric Information Privacy Act, Conviction Challenge, Due Process, Evidence, 6th Amendment","Admissibility, Transparency/Trade Secrecy, Unreliability, Reliability, Confrontation Clause",,8/15/2019,https://blogs.gwu.edu/law-eti/?page_id=10&pid=54,Inactive
77,People v. Younglove,,COMPAS,State: Michigan,"Criminal Justice, Sentencing",,,,,https://blogs.gwu.edu/law-eti/?page_id=10&pid=37,
78,Rana v. Amazon et al,"A lawsuit against Amazon for vicarious liability of a delivery truck driver Williams, the contracting delivery company Harper Logistics and the delivery business’s insurance provider, Old Republic Insurance Co. for a car crash by Amazon Delivery Driver that left plainitff paralyzed.",,State: Georgia,Personal Injury,"Negligence, Vicarious Liability",Misuse of AI,6/25/2021,,https://blogs.gwu.edu/law-eti/?page_id=10&pid=71,Active
79,"Renderos v. Clearview AI, Inc.","Plaintiffs initially filed suit against Clearview in County of Alameda Superior Court in California on March 9, 2021. Clearview filed an action to remove the matter to the Northern District of California (N.D. Cal.). This case was transferred to N.D. Ill. on Oct. 5, 2021, to be joined with the existing MDL, In re Clearview.",Clearview,California,"Biometric Data, Facial Recognition, Privacy","Right to Privacy, Right to Publicity","Facial Recognition, Law Enforcement",3/14/2021,10/5/2021,https://blogs.gwu.edu/law-eti/?page_id=10&pid=73,Inactive
80,"Roberson v. Clearview AI, Inc.",,Clearview,Federal: E.D. Va.; Transferred to Federal: US Dist Ct. S.D. New York; Transferred to US Dist. Ct. N.D. Illinois,Facial Recognition,,Privacy,2/3/2020,1/12/2021,https://blogs.gwu.edu/law-eti/?page_id=10&pid=33,Active
81,Rodriguez v. Massachusetts Parole Board,"Mr. Rodriguez, an incarcerated plaintiff in Massachusetts, was consistently denied parole based on a predictive algorithm that gave him a high-risk score for reoffense. Rodriguez sued the Massachusetts Parole Board, arguing that the use of this algorithm failed to consider relevant factors and violated his due process rights. The Supreme Judicial Court of Massachusetts held that the board had appropriately considered the relevant factors and affirmed its decision to deny parole.",LS/CMI,Massachusetts Supreme Judicial Court for the Commonwealth,"Civil Rights, Criminal Justice",5th Amendment,"Individualized Assessment, Misuse of AI, Transparency/Trade Secrecy",11/23/2022,3/7/2022,https://blogs.gwu.edu/law-eti/?page_id=10&pid=79,Inactive: Judgment for D
82,Sancton v. OpenAI Inc.,"Nonfiction author Julian Sancton files a copyright infringement suit against OpenAI and Microsoft, proposing a class action involving all authors of nonfiction works registered at the Copyright Office that have received ISBNs or were published in academic journals and that were copied as training data for ChatGPT.",ChatGPT,Federal: US Dist. Ct. S.D.N.Y.,Generative AI,Copyright Infringement,"Copyright Infringement, Fair Use",11/21/2023,11/22/2023,https://blogs.gwu.edu/law-eti/?page_id=10&pid=105,Active
83,"Sevatec, Inc. v. Ayyar",The court allowed expert testimony at trial to understand complex evidence related to artificial intelligence,,State: Fairfax County of Virginia,Corporate Law,"Evidence, Fiduciary Duty",Role of Expert Testimony,10/9/2018,,https://blogs.gwu.edu/law-eti/?page_id=10&pid=57,Active
84,"Silverman v. OpenAI, Inc.","Authors Sarah Silverman, Christopher Golden and Richard Kadrey sue OpenAI, Inc. on behalf of themselves and all persons domiciled in the United States owning copyright in any work used as training data for OpenAI's ChatGPT large language models, including GPT-3.5 and GPT-4, alleging copyright infringement, removal of copyright management information, unfair competition, unjust enrichment, and negligence.",ChatGPT,Federal: US Dist. Ct. N.D. Ca.,Generative AI,"Copyright Infringement, Negligence, Unjust Enrichment, Unfair Competition, 17 U.S.C. 1202 Removal of Copyright Management Information",Copyright Infringement,7/7/2023,7/24/2023,https://blogs.gwu.edu/law-eti/?page_id=10&pid=91,Active
85,State of Washington v. Flanigan et al,"Defendants Flanigan et al sought discovery from Washington State Patrol for access to the Draeger machine for dynamic testing comparing the software to what the machine actually does as opposed to time-consuming static testing, the court granted discovery of the materials reasonably in possession or in control of by the State Snohomish County Prosecuting Office: two instruments and the software code under a protective order",Draeger Alcotest,"State: Washington Snohomish County Court, South County",Breathalyzer,"Discovery, Evidence, Protective Order","Admissibility, Transparency/Trade Secrecy",1/1/2015,,https://blogs.gwu.edu/law-eti/?page_id=10&pid=41,
86,State v. Pickett,"Court of Appeals ruling that the source code must be revealed under a protective order for effective review of the reliability of the state's proprietary DNA analysis when there was not enough DNA for traditional DNA analysis to identify a criminal defendant, emphasizing the importance of independent review and the dangers of programmer bias",TrueAllele,State: New Jersey,"Criminal Justice, DNA Analysis, Intellectual Property","5th Amendment, N.J.R.E. 702, 6th Amendment","Insufficient Research, Role of Expert Testimony, Transparency/Trade Secrecy, Unreliability/Miscalculationns",4/16/2017,2/3/2021,https://blogs.gwu.edu/law-eti/?page_id=10&pid=21,Active: On Remand
87,Thaler v. Commissioner of Patents,The Court upheld the UKIPO's dismissal of Thaler's patents for not having followed the statutory requirements for an application that the inventor be a natural person.,DABUS,International: England and Wales Court of Appeal (Civil Division),Intellectual Property,Patent Application,AI as Inventor,8/29/2019,9/21/2021,https://blogs.gwu.edu/law-eti/?page_id=10&pid=51,Inactive: Decision for P
88,Thaler v. Comptroller General of Patents Trade Marks and Designs,"In a landmark decision, the Australian Federal Court set aside the Deputy Commissioner's decision that an artificial intelligence program could not be an inventor, allowing application to go forward when scientist Thaler listed the algorithm DABUS as the inventor for which he owns the copyright to the DABUS source code. Australia sides with South Africa, who outright granted Thaler's application, whereas the US, EU, and UK do not view AI as inventors.",DABUS,International: Federal Court of Australia,Intellectual Property,Patent Application,AI as Inventor,2/9/2021,8/30/2021,https://blogs.gwu.edu/law-eti/?page_id=10&pid=50,Active: On Appeal
89,Thaler v. Iancu (Vidal),The court ruled that AI could not be an inventor.,,Federal: U.S. Dist. Ct. E.D. Va.,"Intellectual Property, Patent",Patent Application,AI as Inventor,8/6/2020,,https://blogs.gwu.edu/law-eti/?page_id=10&pid=69,Active
90,Thaler v. Perlmutter et al,"Stephen Thaler, owner of an artificial intelligence system that he calls a ""creativity machine,"" challenges the refusal of Shira Perlmutter, in her capacity as the Register of Copyrights, to issue a copyright registration for a graphic art work entitled ""A Recent Entrance to Paradise,"" which Thaler alleges was authored by his ""creativity machine."" The District Court ruled that a work authored wholly by a machine is not protected by copyright, and the case is now on appeal.",Creativity Machine,Federal: US Dist. Ct. D. D.C.,Generative AI,Administrative Procedure Act,AI as Author,6/2/2022,10/18/2023,https://blogs.gwu.edu/law-eti/?page_id=10&pid=81,Active
91,The New York Times Company v. Microsoft,"The New York Times Company sues Microsoft and OpenAI, alleging that they have committed direct, contributory and vicarious copyright infringement; misappropriation of news items, and trademark dilution through the training and operation of their generative AI services Copilot and ChatGPT.","ChatGPT, Copilot",Federal: US Dist. Ct. S.D.N.Y.,Generative AI,"Copyright Infringement, Trademark Dilution, Commercial Misappropriation, 17 U.S.C. 1202 Removal of Copyright Management Information",Copyright Infringement,12/27/2023,12/27/2023,https://blogs.gwu.edu/law-eti/?page_id=10&pid=107,Active
92,Thomson Reuters Enterprise Centre GmbH v. ROSS Intelligence Inc.,"Thomson Reuters alleges that ROSS Intelligence induced another company to copy content from its Westlaw online legal research service, including both judicial opinions and West key numbers and headnotes, and used it to create its own competing legal research service, giving rise to claims for copyright infringement and tortious interference with contractual relations.",,Federal: US Dist. Ct. D. Del.,"Legal Research, Natural Language Processing",Copyright Infringement,"Copyright Infringement, Fair Use",5/6/2020,9/25/2023,https://blogs.gwu.edu/law-eti/?page_id=10&pid=102,Active
93,"Thornley v. Clearview AI, Inc.",Clearview has appealed Remand in 7th Cir.,Clearview,State: Illinois Cir. Ct. (Cook County); Removd to N.D. Ill.; Transferred to US Dist Ct. S.D. New York BUT Remanded to Ill. Cir. Ct. (Cook County),Facial Recognition,,Privacy,5/27/2020,3/25/2021,https://blogs.gwu.edu/law-eti/?page_id=10&pid=39,Active
94,"Tremblay v. OpenAI, Inc.","Authors Paul Tremblay and Mona Awad sue OpenAI, Inc. on behalf of themselves and all persons domiciled in the United States owning copyright in any work used as training data for OpenAI's ChatGPT large language models, including GPT-3.5 and GPT-4, alleging copyright infringement, removal of copyright management information, unfair competition, unjust enrichment, and negligence.",ChatGPT,Federal: US Dist. Ct. N.D. Ca.,Generative AI,"Copyright Infringement, Negligence, Unjust Enrichment, Unfair Competition, 17 U.S.C. 1202 Removal of Copyright Management Information",Copyright Infringement,6/28/2023,7/19/2023,https://blogs.gwu.edu/law-eti/?page_id=10&pid=92,Active
95,Tyndaris v. VWM Limited,"Suit by Tyndaris for unpaid fees, countersuit by VWM for misrepresentation and breach of contract, first determining if under civil liabilty Tyndaris is responsible as a custodian for the algorithm's mistakes, expected to be landmark case as first UK case to discuss machine learning",,"International: London Commercial Court: the UK site is horrendously difficult to navigate, need a link to the case docket","Investment, Portfolio Management, Trading","Article 1465 of the Civil Code of Quebec, Breach of Contract","Misrepresentation to Client, Underperformance",5/1/2018,,https://blogs.gwu.edu/law-eti/?page_id=10&pid=12,Active
96,"Umeda v. Tesla, Inc.","Court dismissed suit by estate of Japanese pedestrian killed by Tesla Autopilot operated by Japanese driver because Japan is an adequate alternative, denying plaintiff's motions for judicial notice of articles about Tesla personnel changes and Tesla's forecasts but granting Plaintiff's motion to include congrsesional hearings about autopilot and an article about the specific accident",Autopilot,Federal: US Dist. Ct. N.D. California,Autonomous Vehicles,"Design Defects, Failure to Warn, Loss of Consortium, Negligence, Survival Action, Wrongful Death","Product Liability, Underperformance",4/28/2020,1/15/2021,https://blogs.gwu.edu/law-eti/?page_id=10&pid=25,Inactive: Dismissed for Forum Non Conveniens
97,United States v. Curry,"Court found that there were no exigent circumstances to justify the police seizing a defendant with no suspicious activity near the scene of gunshots because an algorithm indicated the area would be a hot spot for criminal activity, where the concurrence and dissent addressed that predictive policing algorithms have been shown to have questionable effectiveness and clear racial bias.",,Federal: US Dist. Ct. E.D. Virginia,"Criminal Justice, Search and Seizure","Exigent Circumstances, Fourth Amendment","Human Programming Flaws, Predictive Policing, Unreliability, Use of Race",10/3/2017,9/25/2020,https://blogs.gwu.edu/law-eti/?page_id=10&pid=3,Inactive: Judgement for D
98,"United States v. Meta Platforms, Inc.","On June 27, 2022, the court approved the parties’ settlement agreement and entered a final judgment in United States v. Meta Platforms, Inc., f/k/a Facebook, Inc. (S.D.N.Y.). The complaint, which was filed on June 21, 2022, alleged that Meta’s housing advertising system discriminated against Facebook users based on their race, color, religion, sex, disability, familial status, and national origin, in violation of the Fair Housing Act (FHA). Specifically, the complaint alleged, among other things, that Meta uses algorithms in determining which Facebook users receive housing ads and that those algorithms rely, in part, on characteristics protected under the FHA. Under the settlement, Meta stopped using an advertising tool (known as the “Special Ad Audience” tool) for housing ads and developed a new system, the Variance Reduction System (VRS), to address racial and other disparities caused by its use of personalization algorithms in its ad delivery system for housing ads.",,"District Court, S.D. New York","Civil Rights, Housing",Fair Housing Act,"Advertising DIscrimination, Socioeconomics Bias, Targeted Advertising, Use of Race, User of Gender",6/21/2022,10/30/2023,https://blogs.gwu.edu/law-eti/?page_id=10&pid=111,Inactive
99,United States v. Wilson,The 9th Circuit found that the defendant's Fourth Amendment rights were violated when Google's algorithm—without opening the email—detected child pornography attached to one of the emails he sent and reported it to law enforcement.,Image matching system,9th Cir.,"Constitutional Law, Criminal Justice, Privacy, Search and Seizure",Fourth Amendment,"Law Enforcement, Privacy",6/27/2023,,https://blogs.gwu.edu/law-eti/?page_id=10&pid=85,Inactive: Judgment for D
100,Van Pelt v. Cigna Group,"The action, which was filed in the U.S. District Court for the District of Connecticut, captioned Van Pelt v. The Cigna Group, et al., Case No. 3:23-cv-01135, alleges that Defendants have implemented sophisticated automated intelligence capabilities to systematically defraud consumers by denying medically necessary claims en mass without appropriate physician review. The action further alleges that Cigna’s automated systems allow its medical directors to automatically deny medically necessary claims without even opening patient medical records. The action further alleges that Cigna’s automated review program reportedly automatically denied without review over 300,000 claims, spending an average of 1.2 seconds on each claim.",,US District Court for the District of Connecticut,"Civil Rights, Health","Breach of Contract, Unfair and Deceptive Trade Practices, Unjust Enrichment","Accountability, Individualized Assessment, Lack of Human Review, Lack of Remedy, Misuse of AI",8/25/2023,11/6/2023,https://blogs.gwu.edu/law-eti/?page_id=10&pid=114,Inactive
101,Velesaca v. Decker,"Class action filed by non citizens detained in New York challenging the ""no release policy,"" arguing that a change to the assessment algorithm resulted in a lack of ICE bond hearings and solely recommending detention, with preliminary injunction granted to return to individualized assessment due to COVID safety",Risk Classification Assessment Tool,Federal: US Dist. Ct. S.D. New York,"Detention and Release, Immigration","5th Amendment, Administrative Procedure Act, Due Process Clause, Immigration and Nationality Act, Preliminary Injunction, Rehabilitation Act","Programmer Bias, Use of Race",2/28/2020,3/8/2021,https://blogs.gwu.edu/law-eti/?page_id=10&pid=49,Active: Settlement Negotiations
102,"Vermont v. Clearview AI, Inc.","Vermont Attorney General brought three Vermonst consumer protection claims: unfair and deceptive practices by collection photographs and making misrepresenations about their program and fraudelently acquiring brokered personal information against Cleaview, and it survived a motion to dismiss where Clearview argued 1A, 230, Standing and Venue in M2D",Clearview,State: Vermont Sup. Ct. (Chittenden Unit),Facial Recognition,UDAP,"Law Enforcement, Privacy",3/1/2020,9/20/2020,https://blogs.gwu.edu/law-eti/?page_id=10&pid=36,Active
103,"Walters v. OpenAI, L.L.C.","Plaintiff sues developer of ChatGPT for defamation, alleging that ChatGPT generated false and defamatory statement about him as having embezzled from an organization called the Second Amendment Foundation. Defendant removes to this federal court.",ChatGPT,Federal: US Dist. Ct. N.D. Ga.,Generative AI,Defamation,Unreliability,7/14/2023,7/14/2023,https://blogs.gwu.edu/law-eti/?page_id=10&pid=96,Active
104,"Walters v. OpenAI, LLC","Plaintiff sues developer of ChatGPT for defamation, alleging that ChatGPT generated false and defamatory statement about him as having embezzled from an organization called the Second Amendment Foundation. Defendant removed to federal court.",ChatGPT,"State: Georgia, Superior Ct. of Gwinnett County",Generative AI,Defamation,Reliability,6/5/2023,7/14/2023,https://blogs.gwu.edu/law-eti/?page_id=10&pid=95,Inactive
105,WeRide Corp. v. Kun Huang,"Autonomous vehicle companies won suit against a former employee and his current autonomous vehicle employer for misappropriation of trade secrets, succeeding on likelihood to succeed on the merits when they demonstrated particular files in the code base and demonstrated that the source code was only accessible on-site or using a VPN by employees.",,"Federal: United States District Court, N.D. California, San Jose Division","Autonomous Vehicles, Intellectual Property",,"Transparency/Trade Secrecy, Functionality, Autonomous Vehicle",11/29/2018,5/8/2020,https://blogs.gwu.edu/law-eti/?page_id=10&pid=59,Inactive
106,"Williams-Sonoma, Inc. v. Amazon.com, Inc.","Williams-Sonoma sued Amazon for, among other things, copyright infringement stemming from Williams-Sonoma-owned photographs that an Amazon algorithm selected for display on Amazon's website from photographs submitted by third-party vendors. The court denied Amazon's motion to dismiss, holding that there were sufficient allegations that Amazon engaged in ""volitional conduct"" through its algorithm in selecting the photographs, and that Amazon's algorithm took actions that disqualified it from DMCA section 512(c) safe harbor protection.",,Federal: U.S. Dist. Ct. N.D. California,Copyright,Copyright Infringement,Infringement,12/13/2018,4/19/2021,https://blogs.gwu.edu/law-eti/?page_id=10&pid=76,Inactive
107,Zalatel v. Prisma Labs,"The district court balanced the trademark infringement likelihood of confusion factors, focusing on the functionality of the defendant's machine learning programming that creates a machine redrawn image rather than photo filtering",,Federal: District Court District of Delaware,"Infringement, Intellectual Property",Trademark infringement,Functionality,9/19/2016,6/8/2017,https://blogs.gwu.edu/law-eti/?page_id=10&pid=56,Inactive
108,"Zhang v. Baidu.Com, Inc.,",A group of New York residents who advocate for increased democracy in China sued Baidu for blocking their materials in the United States. The court found that allowing plaintiffs to sue Baidu for its editorial judgements would violate the First Amendment.,,S.D.New York,Civil Rights,Civil Rights,Accountability,5/18/2011,8/1/2014,https://blogs.gwu.edu/law-eti/?page_id=10&pid=77,Appeal Withdrawn
109,Zynda et al. v. Zimmer et al.,"Settlement agreement in which Michigan's Unemployment Insurance Agency admits no wrongdoing in its use of MiDAS (Michigan Integrated Data Automated System) that wrongfully accused 40,000 residents of fraud, in exchange for terms of reasonable review and investigation into UIA's procedure and policy, requiring future commnications in plain language and with adequate notice, and providing the claimant with reasons for why they were flagged for fraud and ability to appeal",MiDAS,Federal: US Dist. Ct. E. D. Michigan,"Agency, Civil Rights, Fraud, Unemployment Insurance","Due Process, Injunction, Social Security Act","Accountability, Lack of Human Review, Lack of Remedy, Notice, Role of Expert Testimony, Miscalculation",4/21/2015,2/2/2017,https://blogs.gwu.edu/law-eti/?page_id=10&pid=42,Inactive: Settled
